SET @OLD_FOREIGN_KEY_CHECKS=@@FOREIGN_KEY_CHECKS, FOREIGN_KEY_CHECKS=0;


INSERT INTO `companies` (`company_id`, `name`, `phone_number`) VALUES
(1, 'Skhreli',      '2103983212'),
(2, 'HelpPeople',   '2108899341'),
(3, 'Therapeutika', '2103622190'),
(4, 'GianakopoulosHardDrugs',   '2109423241'),
(5, 'Pfizer',   '210942813'),
(6, 'Teva',   '2101382742');




INSERT INTO `pharmacies` (`pharmacy_id`, `name`, `town`, `street`, `str_num`, `postal_code`, `phone`) VALUES
(1, 'Machairas',    'Athens', 'Iliou',      17, '16345', '2103333733'),
(2, 'Papadopoulos', 'Athens',  'Marathonon', 31, '13241', '2103573743'),
(3, 'Iokastis',     'Athens', 'Venizelou',   22, '19021', '2108366701'),
(4, 'Papageorgiou', 'Larisa',  'Marathonon', 43, '41521', '2109104141'),
(5, 'Mavronikolis', 'Athens',  'Marathonon', 53, '62421', '2105245214'),
(6, 'Charas', 'Larisa',  'Marathonon', 64, '62625', '2109582852'),
(7, 'Ponou', 'Athens',  'Marathonon', 67, '63163', '2104565831'),
(8, 'Anakoufisi', 'Karditsa',  'Marathonon', 38, '73154', '210940889'),
(9, 'Ligmena', 'Thessaloniki',  'Marathonon', 41, '7313', '2109418411'),
(10, 'Stamatiou', 'Athens',  'Marathonon', 65, '84262', '2104552145'),
(11, 'Doiranis', 'Athens',  'Marathonon', 13, '72752', '210987783'),
(12, 'Themistokleous ', 'Thessaloniki',  'Marathonon', 61, '86151', '2109485913');


INSERT INTO `doctors` (`doctor_id`, `firstname`, `lastname`, `speciality`, `experience_years`) VALUES
(1, 'Dr',         'Who',     'Paediatrics',   45),
(2, 'Kalos',      'Giatros', 'Cardiology', 20),
(3, 'Panagiotis', 'Stamou',  'Surgeon',    38),
(4, 'Ioannis',    'Hantzos', 'Cardiology', 1),
(5, 'Giorgos',    'Skarmoutsos', 'Pathology', 5),
(6, 'Panagiotis',    'Alexandrou', 'Cardiology', 14),
(7, 'Giorgos',    'Alexopoulos', 'Pathology', 9),
(8, 'Ioannis',    'Chatzipanagis', 'Gastroenterology', 8),
(9, 'Christos',    'Karadimos', 'Orthopaedics', 7),
(10, 'Ioannis',    'Stafilidis', 'Paediatrics', 26),
(11, 'Giorgos',    'Anthopoulos', 'Gastroenterology', 32),
(12, 'Grigoris',    'Bourousis', 'Psychiatry', 7),
(13, 'Dimitris',    'Lekkas', 'Psychiatry', 35),
(14, 'Alexandros',    'Nikopoulos', 'Gastroenterology', 24),
(15, 'Giorgos',    'Stathis', 'Cardiology', 12),
(16, 'Dimitris',    'Photakis', 'Pathology', 20),
(17, 'Nektarios',    'Kozuris', 'Ophthalmology', 6),
(18, 'Kostas',    'Mitroglou', 'Neurology', 1),
(19, 'Dr',    'Who', 'Urology', 8),
(20, 'Peggy',    'Karra', 'Pathology', 16),
(21, 'Giorgos',    'Raptopoulos', 'General practice', 19),
(22, 'Ioannis',    'Stathopoulos', 'Surgeon', 5),
(23, 'Manthos',    'Foustanos', 'General practice', 8);



INSERT INTO `patients` (`patient_id`, `doctor_doctor_id`, `town`, `street`, `str_num`, `postal_code`, `phone`, `firstname`, `lastname`, `age`) VALUES
(1, 3, 'Athens', 'Kritis', 4, '17788', '1203918', 'Vasilis',	'Goumas',		21),  
(2, 1, 'Athens', 'Imitou', 1, '17751', '1234324', 'Andrew',		'Hantzos',		22),
(3, 1, 'Athens', 'Hmitou',  9, '17788', '1241353', 'George',		'Stathis',		16),
(4, 2, 'Athens', 'Serrwn', 3, '15388', '1208918', 'Dimitris',   'Poulos',		38),
(5, 2, 'Athens', 'Kritis', 1, '18188', '1263918', 'Stathis',	'Giorgou',		44),
(6, 4, 'Karditsa', 'Sofokleous', 2, '18388', '1603918', 'Nikos',		'Papadopoulos', 81),
(7, 18, 'Karditsa', 'Mavromichali', 4, '14488', '5203908', 'Giorgos',	'Chatzipanagis',	54),
(8, 20, 'Thessaloniki', 'Kapodistria', 18, '42474', '6978941431', 'Giorgos',	'Georgiou',	67),
(9, 22, 'Larisa', 'Amunandrou', 31, '82521', '6978147413', 'Epaminondas',	'Nikiforos',	76),
(10, 19, 'Larisa', 'Orlof', 65, '63784', '6979285021', 'Giannis',	'Vasileiou',	34),
(11, 14, 'Thessaloniki', 'Polutexneiou', 92, '14488', '6979284221', 'KFC',	'Buckethead',	36),
(12, 15, 'Athens', 'Akadimias', 2, '45794', '6979482452', 'Ioanna',	'Panagiotidou',	87),
(13, 17, 'Athens', 'Oulof Palme', 84, '86795', '6978174013', 'Christina',	'Arsakou',	65),
(14, 18, 'Athens', 'Athinas', 92, '89143', '6979245821', 'Katerina',	'Koutsouri',	86),
(15, 5, 'Larisa', 'Metaxa', 42, '15789', '6979981424', 'John',	'Petrucci',	73),
(16, 6, 'Thessaloniki', 'Katrivanou', 13, '43784', '6979484421', 'Janis',	'Joplin',	61),
(17, 7, 'Athens', 'Omirou', 24, '74895', '697485921', 'Kalos',	'Asthenis',	48),
(18, 8, 'Athens', 'Solomou', 42, '24134', '697928721', 'Don',	'Kichotis',	70),
(19, 9, 'Thessaloniki', 'Papaflessa', 64, '90864', '6976781367', 'Giannis',	'Papadopoulos',	66),
(20, 19, 'Athens', 'Anagennisis', 51, '45252', '697161613', 'Giorgos',	'Vasileiou',	63),
(21, 10, 'Thessaloniki', 'Arkadiou', 65, '63531', '6976177141', 'Kostas',	'Anagnostopoulos',	4),
(22, 11, 'Thessaloniki', 'Afroditis', 85, '52456', '6975146782', 'Andy',	'Timmons',	74),
(23, 1, 'Athens', 'Sygrou', 15, '52577', '6975256163', 'Thome',	'York',	58),
(24, 18, 'Karditsa', 'Filaretou', 56, '78943', '6974615774', 'Marilena',	'Argiriou',	69),
(25, 21, 'Thessaloniki', 'Ious', 56, '21422', '6975163667', 'Giorgos',	'Kalomoiros',	50),
(26, 20, 'Athens', 'Likourgou', 51, '42464', '6975261771', 'David',	'Gilmour',	35),
(27, 6, 'Karditsa', 'Venizelou', 91, '76464', '6974147315', 'Jimmy',	'Page',	89),
(28, 7, 'Athens', 'Veikou', 74, '53256', '6977351373', 'Steven',	'Wilson',	64),
(29, 8, 'Thessaloniki', 'Dimitrakopoulou', 47, '41456', '6978537135', 'Giannis',	'Apaleutos',	92),
(30, 9, 'Athens', 'Olimpionikon', 94, '74253', '6971224631', 'Giorgos',	'Grammenos',	100),
(31, 10, 'Athens', 'Filias', 92, '42778', '6975631245', 'Dimitra',	'Chatziilia',	3),
(32, 13, 'Athens', 'Eirinis', 74, '14414', '697521332', 'Jimmy',	'Hendrix',	59),
(33, 12, 'Thessaloniki', 'Kolokotroni', 41, '78953', '6972426842', 'Rory',	'Gallagher',	74),
(34, 11, 'Athens', 'Panepistimiou', 59, '14225', '6974242562', 'Grigoris',	'Dimitrakopoulos',	82);


INSERT INTO `prescriptions` (`drug_id`,  `patient_id`, `doctor_id`, `date`, `quantity`) VALUES
(1, 1, 3, '2016-12-20', 10),
(2, 1, 3, '2016-12-20', 10),
(1, 2, 1, '2015-11-2', 1),
(1, 3, 1, '2016-10-19', 2),
(1, 4, 2, '2016-9-13', 3),
(1, 5, 2, '2015-02-11', 1),
(18, 6, 4, '2016-1-1', 3),
(15, 7, 18, '2015-2-9', 2),
(1, 8, 20, '2016-4-14', 5),
(18, 9, 22, '2015-12-29', 2),
(12, 10, 19, '2015-5-7', 1),
(20, 11, 14, '2016-6-17', 4),
(21, 12, 15, '2014-8-8', 3),
(13, 13, 17, '2016-3-6', 2),
(15, 14, 18, '2014-11-13', 3),
(14, 15, 5, '2014-11-18', 4),
(7, 16, 6, '2013-6-13', 1),
(13, 17, 7, '2016-1-12', 1),
(19, 18, 8, '2015-4-25', 1),
(3, 19, 9, '2016-5-29', 2),
(11, 20, 19, '2015-4-25', 3),
(24, 21, 10, '2016-7-24', 2),
(19, 22, 11, '2016-8-14', 2),
(1, 23, 1, '2015-6-7', 4),
(15, 24, 18, '2016-5-2', 1),
(14, 25, 21, '2016-8-4', 4),
(13, 26, 20, '2015-11-23', 4),
(12, 27, 6, '2016-5-20', 1),
(15, 28, 7, '2015-3-7', 2),
(16, 29, 8, '2015-10-20', 2),
(17, 30, 9, '2016-9-20', 3),
(13, 31, 10, '2016-8-20', 4),
(12, 32, 23, '2016-4-20', 5),
(14, 23, 12, '2016-5-20', 6),
(16, 24, 12, '2016-8-20', 7),
(17, 25, 12, '2016-4-20', 2),
(18, 26, 12, '2017-2-20', 4),
(12, 27, 12, '2016-4-20', 14),
(11, 28, 12, '2013-11-20', 2),
(12, 29, 12, '2016-2-20', 4),
(15, 30, 12, '2015-1-20', 10),
(13, 31, 12, '2014-5-20', 2),
(14, 32, 12, '2016-6-20', 6),
(16, 33, 12, '2015-7-20', 5),
(22, 34, 12, '2017-1-20', 10);




INSERT INTO `drugs` (`drug_id`, `company_company_id`, `name`, `formula`) VALUES
(1, '1', 'Depon', "smoke 2g skank"),
(2, '2', 'Lipitor', "smoke 2g skank"),
(3, '3', 'Humira ', "athritis"),
(4, '4', 'Abilify ', "depression"),
(5, '2', 'Sovaldi ', "Hepatitis C"),
(6, '6', 'Crestor ', "Cholesterol"),
(7, '5', 'Lantus Solostar', "Diabetes"),
(8, '2', 'Neulasta ', "Cancer"),
(9, '5', 'Gleevec ', "Leukemia"),
(10, '4', 'Symbicort ', "Asthma"),
(11, '2', 'Auryxia', "Urology: Feric citrate"),
(12, '4', 'Detrol', "Urology tolterodine tartrate"),
(13, '3', 'Xiidra', "Opthalmology lifitegrast"),
(14, '3', 'Panadol Extra', "Opthalmology lifitegrast"),
(15, '3', 'Banzel', "Neurology rufinamide"),
(16, '4', 'Belsomra', " (suvorexant) For the treatment of insomnia"),
(17, '6', 'Botox', "(onabotulinumtoxinA) For the treatment of chronic migraine"),
(18, '6', 'Adcirca', "Cardiology tadalafil For the treatment of pulmonary arterial hypertension"),
(19, '1', 'Elelyso', "Gastroenterology (taliglucerase alfa); Pfizer; For the treatment of Gaucher disease"), 
(20, '1', 'Duexis', "Gastroenterology (ibuprofen and famotidine) For the relief of rheumatoid arthritis and osteoarthritis and prevention of gastric ulcers"),
(21, '4', 'Agrylin', "Cardiology (anagrelide HCL) Treatment for Thrombocythemia"), 
(22, '5', 'Eliquis', "Cardiology (apixaban)For the prevention of stroke and systemic embolism resulting from nonvalvular atrial fibrillation"), 
(23, '3', 'Daptacel', "Pediatric vaccine for immunization against diptheria, tetanus and pertussis"),
(24, '2', 'Arnuity Ellipta', "Paediatrics(fluticasone furoate inhalation powder)For the treatment of asthma"); 

INSERT INTO `contracts` (`pharmacy_id`, `company_id`, `start_date`, `end_date`, `supervisor`, `text`) VALUES
(1, 2, '2013-10-19', '2018-10-13', 'Sountris', "Contract is guarranteed"),
(1, 3, '2014-6-19', '2017-3-9', 'Pekmestzi', "Contract is guarranteed"),
(1, 1, '2012-7-18', '2017-9-22', 'Fwtakis', "Contract is guarranteed"),
(2, 2, '2013-8-1', '2017-3-1', 'Gkoumas', "Contract is guarranteed"),
(2, 3, '2013-9-2', '2015-4-2', 'Koukis', "Contract is guarranteed"),
(2, 5, '2014-10-3', '2016-5-3', 'Anagnostou', "Contract is guarranteed"),
(3, 6, '2013-11-4', '2019-8-3', 'Rassias', "Contract is guarranteed"),
(3, 3, '2014-12-5', '2020-7-5', 'Kadianakis', "Contract is guarranteed"),
(3, 2, '2013-1-5', '2025-8-6', 'Giannakakis', "Contract is guarranteed"),
(4, 4, '2014-2-6', '2022-9-7', 'Fellouris', "Contract is guarranteed"),
(4, 2, '2013-3-8', '2015-10-8', 'Papaspirou', "Contract is guarranteed"),
(4, 6, '2014-4-9', '2025-11-9', 'Raptis', "Contract is guarranteed"),
(5, 1, '2013-5-11', '2015-12-10', 'Venieris', "Contract is guarranteed"),
(5, 3, '2014-6-12', '2016-1-11', 'Kaklamani', "Contract is guarranteed"),
(5, 2, '2013-7-13', '2015-2-12', 'Roumeliotis', "Contract is guarranteed"),
(6, 1, '2014-8-14', '2016-3-13', 'Tsalamegkas', "Contract is guarranteed"),
(6, 3, '2013-9-15', '2015-4-14', 'Fikioris', "Contract is guarranteed"),
(6, 4, '2014-10-16', '2016-5-15', 'Glitsis', "Contract is guarranteed"),
(7, 1, '2013-11-17', '2015-6-16', 'Xitzanidis', "Contract is guarranteed"),
(7, 5, '2014-12-18', '2016-7-17', 'Zampeta', "Contract is guarranteed"),
(7, 2, '2013-1-19', '2015-8-18', 'Psarakkos', "Contract is guarranteed"),
(7, 3, '2014-2-20', '2016-9-19', 'Gkonos', "Contract is guarranteed"),
(8, 2, '2013-3-21', '2015-10-20', 'Koziris', "Contract is guarranteed"),
(8, 3, '2014-4-22', '2016-11-21', 'Tsanakas', "Contract is guarranteed"),
(8, 4, '2013-5-23', '2015-12-22', 'Kladas', "Contract is guarranteed"),
(9, 6, '2014-6-24', '2016-1-23', 'Papathanasiou', "Contract is guarranteed"),
(9, 3, '2013-7-25', '2015-2-24', 'Kominis', "Contract is guarranteed"),
(9, 5, '2014-8-26', '2016-3-25', 'Stamou', "Contract is guarranteed"),
(10, 1, '2013-9-27', '2015-4-26', 'Zaxos', "Contract is guarranteed"),
(10, 5, '2014-10-28', '2016-5-27', 'Ioannidou', "Contract is guarranteed"),
(10, 2, '2013-11-29', '2015-6-28', 'Papaodisseas', "Contract is guarranteed"),
(11, 3, '2014-12-30', '2016-7-29', 'Rousopoulos', "Contract is guarranteed"),
(11, 4, '2013-1-1', '2015-8-2', 'Koutsouris', "Contract is guarranteed"),
(11, 6, '2014-3-2', '2016-9-3', 'Kokkinis', "Contract is guarranteed"),
(12, 1, '2013-4-3', '2015-10-4', 'Koletsos', "Contract is guarranteed"),
(12, 2, '2014-5-4', '2016-11-5', 'Tsamakis', "Contract is guarranteed"),
(12, 3, '2013-5-19', '2015-12-6', 'Sagonas', "Contract is guarranteed");





INSERT INTO `sells` (`pharmacy_id`, `drug_id`, `price`) VALUES
(1, 1, 1000),
(2, 3, 7),
(2, 1, 7),
(1, 2, 35),
(2, 2, 100),
(3, 17, 80),
(3, 24, 10),
(4, 16, 5),
(4, 8, 90),
(5, 19, 20),
(5, 13, 30),
(6, 12, 30),
(6, 23, 10000),
(6, 20, 10000),
(6, 6, 10000),
(7, 9, 65),
(7, 7, 30),
(8, 5, 80),
(8, 15, 2), 
(9, 22, 20),
(9, 23, 90),
(10, 19, 70),
(10, 8, 10),
(11, 10, 50),
(11, 6, 50),
(11, 2, 50),
(11, 4, 5),
(12, 11, 20), 
(12, 2, 20),
(12, 5, 10);



SET FOREIGN_KEY_CHECKS=@OLD_FOREIGN_KEY_CHECKS;
